time;icache.misses;cpu/instructions;arith.fpu_div_active;mem_uops_retired.all_loads;mem_uops_retired.all_stores;branch_instruction_retired;Branch_Misses_Retired;mem_load_uops_retired.l1_miss;label
0.1;23000;462000000;6000;1100000;1100000;11060000;1047000;982000;0
0.2;22000;470000000;6000;1100000;1100000;10970000;1048000;971000;0
0.30000000000000004;24000;487000000;6000;1100000;1100000;11030000;1025000;920000;0
0.4;22000;452000000;6000;1100000;1100000;10990000;1048000;972000;0
0.5;23000;469000000;6000;1100000;1100000;11000000;1044000;917000;0
0.6000000000000001;23000;443000000;6000;1100000;1100000;11000000;1043000;978000;0
0.7000000000000001;24000;458000000;6000;1100000;1100000;11000000;1034000;906000;0
0.8;23000;507000000;7000;1100000;1100000;10950000;1019000;929000;0
0.9;22000;595000000;6000;1100000;1100000;11000000;999000;978000;0
1.0;23000;674000000;6000;1100000;1100000;11000000;878000;993000;0
1.1;24000;610000000;6000;1100000;1100000;11000000;963000;987000;0
1.2000000000000002;23000;567000000;7000;1100000;1100000;11000000;995000;963000;0
1.3;21000;520000000;6000;1100000;1100000;11000000;1037000;1014000;0
1.4000000000000001;22000;583000000;6000;1100000;1100000;11000000;1032000;1013000;0
1.5;22000;548000000;6000;1100000;1100000;11000000;1002000;969000;0
1.6;24000;474000000;6000;1100000;1100000;11000000;1042000;926000;0
1.7000000000000002;22000;431000000;6000;1100000;1100000;10980000;1048000;963000;0
1.8;23000;457000000;6000;1100000;1100000;10990000;1051000;908000;0
1.9000000000000001;22000;419000000;6000;1100000;1100000;11010000;1057000;963000;0
2.0;23000;451000000;6000;1100000;1100000;11000000;1050000;895000;0
2.1;24000;417000000;6000;1100000;1100000;11000000;1059000;966000;0
2.2;23000;452000000;6000;1100000;1100000;11000000;1054000;883000;0
2.3000000000000003;23000;490000000;6000;1100000;1100000;11000000;1037000;998000;0
2.4000000000000004;24000;508000000;7000;1100000;1100000;11000000;1027000;953000;0
2.5;23000;512000000;6000;1100000;1100000;11000000;1034000;948000;0
2.6;22000;435000000;6000;1100000;1100000;11000000;1062000;989000;0
2.7;23000;497000000;6000;1100000;1100000;11000000;1021000;923000;0
2.8000000000000003;23000;404000000;6000;1100000;1100000;11000000;1045000;969000;0
2.9000000000000004;22000;443000000;5000;1100000;1100000;11000000;1024000;893000;0
3.0;22000;405000000;6000;1100000;1100000;11000000;1051000;973000;0
3.1;25000;455000000;6000;1100000;1100000;11000000;1044000;916000;0
3.2;22000;457000000;6000;1100000;1100000;11000000;1043000;972000;0
3.3000000000000003;23000;445000000;7000;1100000;1100000;11000000;1060000;953000;0
3.4000000000000004;24000;453000000;7000;1100000;1100000;11000000;1045000;944000;0
3.5;22000;461000000;6000;1100000;1100000;11000000;1048000;972000;0
3.6;23000;529000000;6000;1100000;1100000;11000000;1014000;976000;0
3.7;23000;486000000;6000;1100000;1100000;10990000;1037000;909000;0
3.8000000000000003;22000;464000000;6000;1100000;1100000;11000000;1054000;985000;0
3.9000000000000004;24000;487000000;7000;1100000;1100000;10980000;1025000;919000;0
4.0;23000;471000000;6000;1100000;1100000;11000000;1053000;982000;0
4.1000000000000005;23000;464000000;6000;1100000;1100000;11000000;1047000;982000;0
4.2;23000;478000000;6000;1100000;1100000;10990000;1028000;909000;0
4.3;22000;445000000;6000;1100000;1100000;11000000;1057000;988000;0
4.4;24000;459000000;6000;1100000;1100000;11000000;1032000;915000;0
4.5;22000;426000000;7000;1100000;1100000;10990000;1064000;972000;0
4.6000000000000005;27000;571000000;8000;1100000;1100000;10950000;948000;861000;0
4.7;22000;630000000;6000;1100000;1100000;11000000;936000;1019000;0
4.800000000000001;22000;646000000;6000;1100000;1100000;11000000;996000;1005000;0
4.9;23000;597000000;6000;1100000;1100000;11000000;961000;975000;0
5.0;21000;541000000;6000;1100000;1100000;11000000;1037000;1010000;0
5.1000000000000005;23000;556000000;6000;1100000;1100000;11000000;1026000;1016000;0
5.2;22000;578000000;6000;1100000;1100000;11000000;1014000;968000;0
5.300000000000001;23000;544000000;6000;1100000;1100000;11000000;1013000;966000;0
5.4;22000;437000000;6000;1100000;1100000;11000000;1053000;961000;0
5.5;23000;453000000;6000;1100000;1100000;11000000;1032000;893000;0
5.6000000000000005;23000;426000000;6000;1100000;1100000;11000000;1061000;972000;0
5.7;24000;451000000;6000;1100000;1100000;11000000;1039000;899000;0
5.800000000000001;22000;425000000;6000;1100000;1100000;11000000;1064000;971000;0
5.9;24000;449000000;6000;1100000;1100000;10990000;1048000;893000;0
6.0;22000;439000000;6000;1100000;1100000;11000000;1060000;963000;0
6.1000000000000005;25000;507000000;6000;1100000;1100000;11000000;1019000;949000;0
6.2;23000;500000000;6000;1100000;1100000;11000000;1046000;947000;0
6.300000000000001;22000;486000000;6000;1100000;1100000;11000000;1043000;1001000;0
6.4;24000;459000000;6000;1100000;1100000;11000000;1034000;913000;0
6.5;22000;456000000;6000;1100000;1100000;11000000;1040000;992000;0
6.6000000000000005;23000;439000000;7000;1100000;1100000;11000000;1031000;897000;0
6.7;23000;403000000;6000;1100000;1100000;11000000;1051000;973000;0
6.800000000000001;23000;451000000;6000;1100000;1100000;11000000;1021000;917000;0
6.9;23000;436000000;6000;1100000;1100000;11000000;1066000;978000;0
7.0;22000;480000000;6000;1100000;1100000;11000000;1047000;916000;0
7.1000000000000005;24000;444000000;6000;1100000;1100000;11000000;1050000;963000;0
7.2;24000;466000000;6000;1100000;1100000;11000000;1046000;913000;0
7.300000000000001;22000;528000000;6000;1100000;1100000;11000000;990000;953000;0
7.4;22000;477000000;6000;1100000;1100000;11000000;1060000;1000000;0
7.5;23000;464000000;7000;1100000;1100000;11000000;1056000;971000;0
7.6000000000000005;23000;494000000;6000;1100000;1100000;10980000;1026000;916000;0
7.7;22000;461000000;6000;1100000;1100000;11000000;1046000;979000;0
7.800000000000001;23000;492000000;6000;1100000;1100000;10990000;1030000;909000;0
7.9;22000;463000000;6000;1100000;1100000;11000000;1041000;977000;0
8.0;22000;453000000;6000;1100000;1100000;10990000;1053000;973000;0
8.1;24000;467000000;6000;1100000;1100000;11000000;1044000;924000;0
8.200000000000001;23000;439000000;6000;1100000;1100000;11000000;1055000;957000;0
8.3;23000;476000000;6000;1100000;1100000;10950000;1018000;912000;0
8.4;22000;593000000;6000;1100000;1100000;11000000;991000;926000;0
8.5;22000;658000000;6000;1100000;1100000;11000000;894000;985000;0
8.6;24000;621000000;6000;1100000;1100000;11000000;994000;983000;0
8.700000000000001;22000;583000000;7000;1100000;1100000;11000000;998000;997000;0
8.8;22000;552000000;6000;1100000;1100000;11000000;997000;976000;0
8.9;21000;581000000;6000;1100000;1100000;11000000;1023000;1012000;0
9.0;23000;568000000;6000;1100000;1100000;11000000;1000000;973000;0
9.1;23000;497000000;6000;1100000;1100000;11000000;1045000;1011000;0
9.200000000000001;24000;462000000;6000;1100000;1100000;11000000;1038000;895000;0
9.3;22000;428000000;6000;1100000;1100000;11000000;1053000;963000;0
9.4;23000;445000000;6000;1100000;1100000;11000000;1041000;901000;0
9.5;22000;416000000;6000;1100000;1100000;11000000;1058000;964000;0
9.600000000000001;23000;462000000;6000;1100000;1100000;11000000;1047000;903000;0
9.700000000000001;23000;416000000;7000;1100000;1100000;11000000;1063000;962000;0
9.8;22000;476000000;6000;1100000;1100000;11000000;1032000;904000;0
9.9;23000;499000000;6000;1100000;1100000;11000000;1044000;970000;0
10.0;22000;506000000;6000;1100000;1100000;11000000;1043000;974000;0
10.100000000000001;24000;479000000;6000;1100000;1100000;11000000;1030000;935000;0
10.200000000000001;23000;459000000;6000;1100000;1100000;11000000;1036000;914000;0
10.3;23000;454000000;6000;1100000;1100000;11000000;1030000;983000;0
10.4;22000;404000000;6000;1100000;1100000;11000000;1052000;965000;0
10.5;23000;442000000;6000;1100000;1100000;10990000;1021000;893000;0
10.600000000000001;22000;432000000;6000;1100000;1100000;11000000;1053000;981000;0
10.700000000000001;24000;463000000;6000;1100000;1100000;11000000;1046000;917000;0
10.8;23000;450000000;7000;1100000;1100000;11000000;1058000;964000;0
10.9;23000;461000000;6000;1100000;1100000;11000000;1050000;904000;0
11.0;23000;446000000;6000;1100000;1100000;11000000;1055000;969000;0
11.100000000000001;22000;544000000;6000;1100000;1100000;11000000;1020000;968000;0
11.200000000000001;24000;470000000;6000;1100000;1100000;11000000;1045000;933000;0
11.3;21000;475000000;6000;1100000;1100000;11000000;1056000;982000;0
11.4;23000;476000000;6000;1100000;1100000;10990000;1040000;923000;0
11.5;23000;477000000;5000;1100000;1100000;11000000;1031000;967000;0
11.600000000000001;22000;464000000;6000;1100000;1100000;11000000;1057000;982000;0
11.700000000000001;23000;480000000;6000;1100000;1100000;10980000;1013000;906000;0
11.8;22000;451000000;6000;1100000;1100000;11000000;1062000;990000;0
11.9;22000;460000000;7000;1100000;1100000;11000000;1024000;923000;0
12.0;24000;431000000;6000;1100000;1100000;11000000;1068000;967000;0
12.100000000000001;23000;537000000;6000;1100000;1100000;10950000;1019000;869000;0
12.200000000000001;22000;590000000;6000;1100000;1100000;11000000;969000;959000;0
12.3;22000;674000000;6000;1100000;1100000;11000000;912000;1000000;0
12.4;23000;641000000;6000;1100000;1100000;10960000;961000;980000;0
12.5;22000;532000000;6000;1100000;1100000;11040000;1037000;1010000;0
12.600000000000001;22000;604000000;6000;1100000;1100000;11000000;900000;884000;0
12.700000000000001;21000;581000000;6000;1100000;1100000;11000000;1037000;1010000;0
12.8;23000;554000000;6000;1100000;1100000;11000000;1002000;973000;0
12.9;22000;493000000;6000;1100000;1100000;11000000;1057000;1002000;0
13.0;23000;459000000;6000;1100000;1100000;10990000;1036000;908000;0
13.100000000000001;24000;429000000;6000;1100000;1100000;11000000;1051000;957000;0
13.200000000000001;22000;442000000;7000;1100000;1100000;11000000;1056000;908000;0
13.3;23000;421000000;5000;1100000;1100000;11000000;1057000;952000;0
13.4;22000;453000000;6000;1100000;1100000;11000000;1046000;908000;0
13.5;23000;417000000;6000;1100000;1100000;11000000;1064000;962000;0
13.600000000000001;23000;485000000;6000;1100000;1100000;11000000;1027000;917000;0
13.700000000000001;23000;514000000;6000;1100000;1100000;11000000;1018000;944000;0
13.8;23000;500000000;6000;1100000;1100000;11000000;1050000;958000;0
13.9;23000;459000000;6000;1100000;1100000;11000000;1046000;983000;0
14.0;23000;471000000;6000;1100000;1100000;11000000;1039000;917000;0
14.100000000000001;23000;434000000;7000;1100000;1100000;11000000;1042000;981000;0
14.200000000000001;23000;423000000;6000;1100000;1100000;11000000;1030000;902000;0
14.3;23000;423000000;6000;1100000;1100000;11000000;1028000;964000;0
14.4;22000;441000000;6000;1100000;1100000;11000000;1052000;979000;0
14.5;24000;462000000;6000;1100000;1100000;11000000;1042000;922000;0
14.600000000000001;22000;449000000;6000;1100000;1100000;11000000;1062000;974000;0
14.700000000000001;23000;463000000;6000;1100000;1100000;11000000;1034000;903000;0
14.8;22000;447000000;6000;1100000;1100000;11000000;1055000;971000;0
14.9;22000;536000000;6000;1100000;1100000;11000000;1025000;975000;0
15.0;24000;472000000;6000;1100000;1100000;11000000;1032000;923000;0
15.100000000000001;23000;469000000;6000;1100000;1100000;11000000;1055000;982000;0
15.200000000000001;22000;486000000;6000;1100000;1100000;11000000;1020000;922000;0
15.3;22000;468000000;6000;1100000;1100000;10990000;1048000;983000;0
15.4;23000;469000000;7000;1100000;1100000;11000000;1052000;962000;0
15.5;22000;475000000;6000;1100000;1100000;11000000;1032000;937000;0
15.600000000000001;22000;447000000;6000;1100000;1100000;10980000;1048000;972000;0
15.700000000000001;23000;457000000;6000;1100000;1100000;11000000;1033000;913000;0
15.8;22000;435000000;6000;1100000;1100000;11000000;1060000;972000;0
15.9;23000;554000000;6000;1100000;1100000;10970000;997000;858000;0
16.0;21000;610000000;6000;1100000;1100000;11000000;968000;959000;0
16.1;24000;670000000;6000;1100000;1100000;11000000;897000;986000;0
16.2;23000;630000000;6000;1100000;1100000;11000000;984000;985000;0
16.3;21000;534000000;6000;1100000;1100000;11000000;1027000;1008000;0
16.400000000000002;20000;662000000;6000;1100000;1100000;11000000;756000;779000;0
16.5;22000;595000000;5000;1100000;1100000;11000000;1011000;966000;0
16.6;23000;548000000;6000;1100000;1100000;11000000;1011000;976000;0
16.7;23000;506000000;6000;1100000;1100000;11000000;1041000;990000;0
16.8;22000;455000000;6000;1100000;1100000;11000000;1046000;889000;0
16.900000000000002;23000;435000000;6000;1100000;1100000;10990000;1049000;969000;0
17.0;23000;437000000;7000;1100000;1100000;11000000;1059000;892000;0
17.1;23000;428000000;6000;1100000;1100000;10990000;1050000;980000;0
17.2;23000;452000000;6000;1100000;1100000;11000000;1053000;902000;0
17.3;23000;426000000;6000;1100000;1100000;11000000;1047000;960000;0
17.400000000000002;23000;464000000;6000;1100000;1100000;11000000;1044000;925000;0
17.5;22000;505000000;6000;1100000;1100000;11000000;1032000;1006000;0
17.6;23000;510000000;6000;1100000;1100000;11000000;1028000;951000;0
17.7;23000;483000000;7000;1100000;1100000;11000000;1041000;941000;0
17.8;23000;433000000;6000;1100000;1100000;10990000;1054000;972000;0
17.900000000000002;23000;460000000;6000;1100000;1100000;11000000;1026000;933000;0
18.0;22000;397000000;6000;1100000;1100000;11000000;1053000;963000;0
18.1;24000;444000000;6000;1100000;1100000;11000000;1023000;903000;0
18.2;23000;432000000;6000;1100000;1100000;11000000;1052000;980000;0
18.3;23000;453000000;6000;1100000;1100000;11000000;1038000;914000;0
18.400000000000002;23000;463000000;6000;1100000;1100000;11000000;1056000;975000;0
18.5;23000;453000000;6000;1100000;1100000;11000000;1051000;901000;0
18.6;23000;455000000;6000;1100000;1100000;11000000;1052000;982000;0
18.7;23000;513000000;6000;1100000;1100000;11000000;1037000;987000;0
18.8;23000;485000000;6000;1100000;1100000;10990000;1051000;930000;0
18.900000000000002;21000;460000000;6000;1100000;1100000;11000000;1061000;982000;0
19.0;23000;470000000;7000;1100000;1100000;10990000;1040000;931000;0
19.1;24000;482000000;6000;1100000;1100000;11000000;1036000;961000;0
19.200000000000003;22000;464000000;6000;1100000;1100000;11000000;1054000;983000;0
19.3;23000;480000000;6000;1100000;1100000;10910000;1025000;915000;0
19.400000000000002;22000;452000000;6000;1100000;1100000;11070000;1051000;987000;0
19.5;23000;453000000;6000;1100000;1100000;10940000;1035000;913000;0
19.6;23000;434000000;6000;1100000;1100000;11060000;1061000;972000;0
19.700000000000003;23000;556000000;6000;1100000;1100000;11000000;1013000;860000;0
19.8;22000;600000000;6000;1100000;1100000;11000000;979000;982000;0
19.900000000000002;22000;661000000;7000;1100000;1100000;11000000;889000;986000;0
20.0;24000;622000000;6000;1100000;1100000;11000000;1027000;1014000;0
20.1;22000;560000000;6000;1100000;1100000;11000000;1017000;969000;0
20.200000000000003;21000;679000000;6000;1100000;1100000;11000000;652000;713000;0
20.3;19000;618000000;6000;1100000;1100000;11000000;907000;1031000;0
20.400000000000002;21000;582000000;6000;1100000;1100000;11000000;1039000;1013000;0
20.5;24000;554000000;6000;1100000;1100000;11000000;1004000;979000;0
20.6;23000;483000000;6000;1100000;1100000;11000000;1052000;1008000;0
20.700000000000003;23000;462000000;6000;1100000;1100000;11000000;1034000;889000;0
20.8;23000;429000000;6000;1100000;1100000;10990000;1059000;970000;0
20.900000000000002;23000;447000000;6000;1100000;1100000;11000000;1040000;895000;0
21.0;23000;418000000;6000;1100000;1100000;11000000;1057000;963000;0
21.1;25000;464000000;6000;1100000;1100000;11000000;1039000;899000;0
21.200000000000003;22000;420000000;6000;1100000;1100000;11000000;1057000;968000;0
21.3;23000;490000000;7000;1100000;1100000;11000000;1039000;917000;0
21.400000000000002;23000;498000000;6000;1100000;1100000;11000000;1053000;977000;0
21.5;39000;351000000;5000;1044000;1100000;11000000;748000;447000;0
21.6;29000;387000000;5000;1100000;1100000;11000000;905000;493000;0
21.700000000000003;28000;406000000;6000;1100000;1100000;11000000;955000;435000;0
21.8;29000;491000000;5000;1100000;1100000;11000000;754000;551000;0
21.900000000000002;28000;449000000;4000;1100000;1100000;11000000;821000;514000;0
22.0;27000;388000000;6000;1100000;1100000;11000000;925000;451000;0
22.1;29000;394000000;6000;1100000;1100000;11000000;986000;406000;0
22.200000000000003;28000;428000000;5000;1100000;1100000;11000000;940000;465000;0
22.3;28000;403000000;7000;1100000;1100000;11000000;905000;434000;0
22.400000000000002;28000;375000000;6000;1100000;1100000;11000000;879000;471000;0
22.5;29000;399000000;6000;1100000;1100000;11000000;953000;446000;0
22.6;28000;403000000;6000;1100000;1100000;11000000;935000;467000;0
22.700000000000003;27000;391000000;6000;1100000;1100000;11000000;909000;478000;0
22.8;29000;383000000;6000;1100000;1100000;11000000;895000;546000;0
22.900000000000002;27000;413000000;5000;1100000;1100000;11000000;961000;413000;0
23.0;29000;486000000;7000;1100000;1100000;11000000;764000;568000;0
23.1;30000;446000000;5000;1100000;1100000;11000000;844000;468000;0
23.200000000000003;28000;389000000;6000;1100000;1100000;11000000;968000;448000;0
23.3;27000;391000000;5000;1100000;1100000;11000000;961000;450000;0
23.400000000000002;28000;433000000;6000;1100000;1100000;11000000;929000;436000;0
23.5;28000;397000000;5000;1100000;1100000;11000000;928000;446000;0
23.6;27000;379000000;6000;1100000;1100000;11000000;906000;410000;0
23.700000000000003;28000;400000000;6000;1100000;1100000;11000000;958000;433000;0
23.8;28000;399000000;5000;1100000;1100000;11000000;917000;474000;0
23.900000000000002;27000;387000000;5000;1100000;1100000;11000000;890000;550000;0
24.0;27000;385000000;5000;1100000;1100000;11000000;915000;511000;0
24.1;29000;414000000;5000;1100000;1100000;11000000;946000;424000;0
24.200000000000003;28000;486000000;5000;1100000;1100000;11000000;740000;546000;0
24.3;28000;443000000;5000;1100000;1100000;11000000;849000;510000;0
24.400000000000002;27000;395000000;6000;1100000;1100000;11000000;969000;399000;0
24.5;28000;390000000;5000;1100000;1100000;11000000;951000;460000;0
24.6;29000;435000000;7000;1100000;1100000;11000000;935000;449000;0
24.700000000000003;27000;396000000;6000;1100000;1100000;11000000;915000;446000;0
24.8;27000;378000000;7000;1100000;1100000;11000000;865000;458000;0
24.900000000000002;29000;398000000;5000;1100000;1100000;11000000;962000;446000;0
25.0;27000;396000000;5000;1089000;1089000;10890000;933000;444000;0
25.1;29000;387000000;5000;1100000;1100000;11000000;882000;524000;0
25.200000000000003;27000;387000000;6000;1100000;1100000;11000000;885000;543000;0
25.3;28000;418000000;5000;1100000;1100000;11000000;957000;410000;0
25.400000000000002;28000;487000000;5000;1100000;1100000;11000000;745000;558000;0
25.5;29000;439000000;6000;1100000;1100000;11000000;869000;461000;0
25.6;27000;391000000;5000;1100000;1100000;11000000;939000;459000;0
25.700000000000003;28000;392000000;7000;1100000;1100000;11000000;954000;406000;0
25.8;27000;431000000;6000;1100000;1100000;11000000;954000;445000;0
25.900000000000002;28000;394000000;6000;1100000;1100000;11000000;929000;448000;0
26.0;27000;377000000;5000;1100000;1100000;11000000;874000;469000;0
26.1;29000;399000000;7000;1100000;1100000;11000000;944000;439000;0
26.200000000000003;28000;404000000;6000;1100000;1100000;11000000;916000;438000;0
26.3;27000;385000000;6000;1100000;1100000;11000000;881000;540000;0
26.400000000000002;28000;388000000;5000;1100000;1100000;11000000;907000;489000;0
26.5;27000;426000000;5000;1100000;1100000;11000000;916000;426000;0
26.6;29000;495000000;6000;1100000;1100000;11000000;717000;579000;0
26.700000000000003;28000;424000000;6000;1100000;1100000;11000000;891000;422000;0
26.8;27000;388000000;6000;1100000;1100000;11000000;956000;457000;0
26.900000000000002;28000;392000000;7000;1100000;1100000;11000000;935000;460000;0
27.0;27000;428000000;6000;1100000;1100000;11000000;913000;434000;0
27.1;29000;389000000;5000;1100000;1100000;11000000;922000;404000;0
27.200000000000003;27000;370000000;6000;1100000;1100000;11000000;875000;453000;0
27.3;27000;395000000;6000;1100000;1100000;11000000;963000;440000;0
27.400000000000002;28000;404000000;6000;1100000;1100000;11000000;932000;443000;0
27.5;27000;384000000;6000;1100000;1100000;11000000;887000;512000;0
27.6;28000;385000000;6000;1100000;1100000;11000000;894000;526000;0
27.700000000000003;27000;426000000;4000;1100000;1100000;11000000;943000;440000;0
27.8;29000;498000000;5000;1100000;1100000;11000000;718000;588000;0
27.900000000000002;29000;425000000;6000;1100000;1100000;11000000;899000;426000;0
28.0;29000;387000000;7000;1100000;1100000;11000000;956000;465000;0
28.1;27000;390000000;6000;1100000;1100000;11000000;939000;446000;0
28.200000000000003;34000;419000000;6000;1092000;1088000;11000000;930000;749000;0
28.3;23000;486000000;6000;1100000;1100000;10960000;1027000;914000;0
28.400000000000002;22000;476000000;6000;1100000;1100000;10970000;1030000;924000;0
28.5;21000;455000000;6000;1100000;1100000;10980000;1064000;1022000;0
28.6;23000;471000000;6000;1100000;1100000;10960000;1023000;928000;0
28.700000000000003;22000;466000000;6000;1100000;1100000;10960000;1018000;934000;0
28.8;21000;428000000;6000;1100000;1100000;11000000;1075000;1019000;0
28.900000000000002;22000;446000000;6000;1100000;1100000;10990000;1049000;928000;0
29.0;22000;466000000;6000;1100000;1100000;10970000;1019000;902000;0
29.1;24000;563000000;6000;1100000;1100000;11000000;967000;898000;0
29.200000000000003;20000;659000000;6000;1100000;1100000;11000000;963000;991000;0
29.3;22000;622000000;7000;1100000;1100000;11000000;995000;984000;0
29.400000000000002;22000;605000000;6000;1100000;1100000;11000000;966000;968000;0
29.5;20000;517000000;6000;1100000;1100000;11000000;1038000;1048000;0
29.6;21000;743000000;5000;1100000;1100000;11000000;476000;531000;0
29.700000000000003;17000;609000000;6000;1100000;1100000;11000000;960000;1055000;0
29.8;20000;584000000;6000;1100000;1100000;11000000;904000;912000;0
29.900000000000002;21000;538000000;6000;1100000;1100000;11000000;1037000;1040000;0
30.0;22000;520000000;6000;1100000;1100000;11000000;1018000;983000;0
30.1;24000;471000000;6000;1100000;1100000;10980000;1041000;924000;0
30.200000000000003;22000;444000000;6000;1100000;1100000;10980000;1035000;902000;0
30.3;21000;414000000;6000;1100000;1100000;10980000;1066000;982000;0
30.400000000000002;23000;423000000;6000;1100000;1100000;10990000;1049000;949000;0
30.5;22000;447000000;6000;1100000;1100000;10990000;1038000;914000;0
30.6;22000;435000000;6000;1100000;1100000;10990000;1048000;911000;0
30.700000000000003;21000;425000000;6000;1100000;1100000;11000000;1059000;984000;0
30.8;22000;492000000;6000;1100000;1100000;11000000;1034000;965000;0
30.900000000000002;21000;499000000;7000;1100000;1100000;11000000;1028000;951000;0
31.0;22000;490000000;6000;1100000;1100000;11000000;1041000;971000;0
31.1;23000;452000000;6000;1100000;1100000;10980000;1043000;932000;0
31.200000000000003;22000;489000000;6000;1100000;1100000;11000000;1021000;936000;0
31.3;22000;388000000;6000;1100000;1100000;11000000;1061000;991000;0
31.400000000000002;22000;413000000;6000;1100000;1100000;11000000;1026000;929000;0
31.5;22000;433000000;6000;1100000;1100000;11000000;1027000;912000;0
31.6;22000;441000000;6000;1100000;1100000;11000000;1047000;915000;0
31.700000000000003;21000;443000000;6000;1100000;1100000;10990000;1046000;1013000;0
31.8;23000;460000000;6000;1100000;1100000;10990000;1040000;915000;0
31.900000000000002;22000;461000000;6000;1100000;1100000;10990000;1041000;914000;0
32.0;22000;449000000;6000;1100000;1100000;11000000;1060000;947000;0
32.1;21000;551000000;6000;1100000;1100000;11000000;1015000;975000;0
32.2;23000;472000000;6000;1100000;1100000;10930000;1040000;938000;0
32.300000000000004;21000;448000000;6000;1100000;1100000;11030000;1075000;1002000;0
32.4;23000;472000000;6000;1100000;1100000;10970000;1026000;924000;0
32.5;22000;485000000;7000;1100000;1100000;10970000;1027000;935000;0
32.6;22000;446000000;6000;1100000;1100000;10980000;1067000;1012000;0
32.7;22000;468000000;6000;1100000;1100000;10960000;1020000;924000;0
32.800000000000004;22000;463000000;6000;1100000;1100000;10980000;1030000;942000;0
32.9;22000;426000000;6000;1100000;1100000;11000000;1067000;966000;0
33.0;23000;433000000;6000;1100000;1100000;10990000;1045000;973000;0
33.1;23000;542000000;6000;1100000;1100000;10940000;1005000;881000;0
33.2;21000;612000000;6000;1100000;1100000;11000000;980000;937000;0
33.300000000000004;21000;654000000;6000;1100000;1100000;11000000;951000;1035000;0
33.4;22000;621000000;6000;1100000;1100000;11000000;944000;982000;0
33.5;22000;536000000;6000;1100000;1100000;11000000;998000;977000;0
33.6;20000;740000000;6000;1100000;1100000;11000000;616000;633000;0
33.7;21000;519000000;6000;1100000;1100000;11000000;1054000;1033000;0
33.800000000000004;22000;571000000;6000;1100000;1100000;11000000;1011000;980000;0
33.9;25000;531000000;6000;1089000;1089000;10890000;993000;969000;0
34.0;21000;469000000;6000;1100000;1100000;10990000;1069000;962000;0
34.1;23000;430000000;7000;1100000;1100000;10990000;1035000;967000;0
34.2;22000;456000000;6000;1100000;1100000;10980000;1039000;914000;0
34.300000000000004;22000;442000000;6000;1100000;1100000;10980000;1044000;915000;0
34.4;22000;440000000;6000;1100000;1100000;10930000;1042000;915000;0
34.5;21000;404000000;6000;1100000;1100000;11060000;1069000;1012000;0
34.6;22000;453000000;6000;1100000;1100000;11000000;1045000;904000;0
34.7;22000;488000000;6000;1100000;1100000;11000000;1029000;934000;0
34.800000000000004;22000;506000000;6000;1100000;1100000;11000000;1033000;957000;0
34.9;22000;504000000;6000;1100000;1100000;11000000;1027000;972000;0
35.0;22000;460000000;6000;1100000;1100000;10990000;1052000;934000;0
35.1;23000;463000000;6000;1100000;1100000;11000000;1049000;952000;0
35.2;21000;419000000;6000;1100000;1100000;11000000;1030000;998000;0
35.300000000000004;22000;432000000;6000;1100000;1100000;11000000;1026000;913000;0
35.4;22000;433000000;6000;1100000;1100000;10980000;1030000;914000;0
35.5;21000;436000000;6000;1100000;1100000;11000000;1065000;953000;0
35.6;22000;454000000;6000;1100000;1100000;11000000;1029000;977000;0
35.7;22000;466000000;6000;1100000;1100000;10990000;1042000;924000;0
35.800000000000004;22000;463000000;6000;1100000;1100000;10990000;1039000;933000;0
35.9;21000;443000000;6000;1100000;1100000;10990000;1050000;956000;0
36.0;22000;550000000;6000;1100000;1100000;11000000;996000;970000;0
36.1;22000;473000000;6000;1100000;1100000;10940000;1040000;934000;0
36.2;21000;453000000;6000;1100000;1100000;11040000;1064000;1006000;0
36.300000000000004;22000;480000000;6000;1100000;1100000;10970000;1025000;935000;0
36.4;22000;495000000;6000;1100000;1100000;10970000;1028000;923000;0
36.5;21000;458000000;6000;1100000;1100000;10990000;1060000;1001000;0
36.6;23000;467000000;7000;1100000;1100000;10970000;1035000;935000;0
36.7;22000;471000000;6000;1100000;1100000;10980000;1036000;943000;0
36.800000000000004;22000;451000000;6000;1100000;1100000;11000000;1048000;924000;0
36.9;22000;433000000;6000;1100000;1100000;11000000;1064000;931000;0
37.0;22000;529000000;6000;1100000;1100000;10970000;1017000;957000;0
37.1;23000;637000000;6000;1100000;1100000;11000000;945000;908000;0
37.2;21000;665000000;6000;1100000;1100000;11000000;946000;983000;0
37.300000000000004;21000;643000000;6000;1100000;1100000;10960000;941000;985000;0
37.4;20000;521000000;6000;1100000;1100000;11040000;1047000;1047000;0
37.5;21000;660000000;6000;1100000;1100000;11000000;752000;754000;0
37.6;21000;555000000;6000;1100000;1100000;10960000;1016000;979000;0
37.7;21000;556000000;6000;1100000;1100000;11040000;1054000;1034000;0
37.800000000000004;22000;533000000;6000;1100000;1100000;11000000;1015000;984000;0
37.9;22000;460000000;7000;1100000;1100000;10970000;1031000;925000;0
38.0;22000;456000000;6000;1100000;1100000;10990000;1035000;910000;0
38.1;23000;438000000;6000;1100000;1100000;10930000;1036000;925000;0
38.2;21000;407000000;6000;1100000;1100000;11050000;1070000;1002000;0
38.300000000000004;22000;453000000;6000;1100000;1100000;10990000;1042000;914000;0
38.400000000000006;23000;443000000;6000;1100000;1100000;11000000;1041000;913000;0
38.5;21000;456000000;6000;1100000;1100000;10990000;1041000;916000;0
38.6;22000;489000000;6000;1100000;1100000;11000000;1043000;953000;0
38.7;23000;491000000;6000;1100000;1100000;11000000;1040000;963000;0
38.800000000000004;22000;504000000;6000;1100000;1100000;11000000;1037000;935000;0
38.900000000000006;21000;430000000;6000;1100000;1100000;10980000;1057000;1028000;0
39.0;22000;481000000;7000;1100000;1100000;11000000;1017000;936000;0
39.1;24000;433000000;6000;1100000;1100000;11000000;1032000;923000;0
39.2;22000;430000000;6000;1100000;1100000;10940000;1029000;915000;0
39.300000000000004;20000;398000000;6000;1100000;1100000;11060000;1065000;1011000;0
39.400000000000006;22000;465000000;6000;1100000;1100000;11000000;1034000;914000;0
39.5;23000;477000000;6000;1100000;1100000;11000000;1036000;915000;0
39.6;21000;448000000;6000;1100000;1100000;10990000;1072000;903000;0
39.7;21000;436000000;6000;1100000;1100000;10990000;1050000;1025000;0
39.800000000000004;22000;539000000;6000;1100000;1100000;11000000;1010000;904000;0
39.900000000000006;22000;477000000;6000;1100000;1100000;11000000;1057000;943000;0
40.0;22000;446000000;7000;1100000;1100000;10990000;1054000;1030000;0
40.1;23000;494000000;6000;1100000;1100000;10980000;1026000;916000;0
40.2;22000;486000000;6000;1100000;1100000;10960000;1022000;935000;0
40.300000000000004;21000;463000000;6000;1100000;1100000;10990000;1064000;1001000;0
40.400000000000006;22000;477000000;6000;1100000;1100000;10970000;1034000;955000;0
40.5;22000;478000000;6000;1100000;1100000;10960000;1027000;933000;0
40.6;23000;453000000;6000;1100000;1100000;11000000;1060000;933000;0
40.7;22000;428000000;7000;1100000;1100000;11000000;1050000;1001000;0
40.800000000000004;22000;462000000;6000;1100000;1100000;10940000;1019000;905000;0
40.900000000000006;22000;631000000;6000;1100000;1100000;11000000;956000;855000;0
41.0;21000;633000000;6000;1100000;1100000;11000000;955000;986000;0
41.1;22000;625000000;6000;1100000;1100000;11000000;990000;1024000;0
41.2;22000;595000000;6000;1100000;1100000;11000000;954000;1012000;0
41.300000000000004;21000;638000000;6000;1100000;1100000;11000000;873000;852000;0
41.400000000000006;20000;505000000;6000;1100000;1100000;11000000;1048000;1039000;0
41.5;21000;593000000;6000;1100000;1100000;11000000;1009000;987000;0
41.6;22000;542000000;7000;1100000;1100000;11000000;1014000;979000;0
41.7;21000;470000000;6000;1100000;1100000;10990000;1074000;1022000;0
41.800000000000004;22000;445000000;6000;1100000;1100000;10970000;1039000;920000;0
41.900000000000006;22000;452000000;6000;1100000;1100000;10970000;1038000;905000;0
42.0;22000;441000000;6000;1100000;1100000;10980000;1042000;911000;0
42.1;23000;427000000;6000;1100000;1100000;10990000;1058000;916000;0
42.2;21000;427000000;6000;1100000;1100000;11000000;1052000;1004000;0
42.300000000000004;23000;445000000;6000;1100000;1100000;10990000;1043000;904000;0
42.400000000000006;22000;485000000;6000;1100000;1100000;11000000;1025000;934000;0
42.5;23000;503000000;6000;1100000;1100000;11000000;1026000;954000;0
42.6;22000;501000000;6000;1100000;1100000;11000000;1039000;963000;0
42.7;22000;473000000;6000;1100000;1100000;10990000;1037000;944000;0
42.800000000000004;21000;450000000;7000;1100000;1100000;11000000;1066000;966000;0
42.900000000000006;22000;424000000;6000;1100000;1100000;10990000;1023000;985000;0
43.0;22000;436000000;6000;1100000;1100000;11000000;1026000;914000;0
43.1;23000;432000000;6000;1100000;1100000;11000000;1029000;915000;0
43.2;20000;433000000;7000;1100000;1100000;11000000;1055000;970000;0
43.300000000000004;23000;451000000;7000;1100000;1100000;10980000;1038000;983000;0
43.400000000000006;22000;461000000;6000;1100000;1100000;10980000;1042000;915000;0
43.5;22000;459000000;6000;1100000;1100000;11000000;1035000;920000;0
43.6;22000;450000000;6000;1100000;1100000;11000000;1046000;929000;0
43.7;21000;541000000;6000;1100000;1100000;10990000;1022000;995000;0
43.800000000000004;22000;482000000;6000;1100000;1100000;10990000;1038000;932000;0
43.900000000000006;21000;452000000;6000;1100000;1100000;10990000;1070000;1000000;0
44.0;23000;476000000;6000;1100000;1100000;10970000;1032000;942000;0
44.1;24000;488000000;7000;1100000;1100000;10970000;1026000;924000;0
44.2;22000;463000000;6000;1100000;1100000;10990000;1065000;970000;0
44.300000000000004;22000;464000000;6000;1100000;1100000;10970000;1032000;966000;0
44.400000000000006;22000;471000000;6000;1100000;1100000;10980000;1038000;944000;0
44.5;21000;451000000;6000;1100000;1100000;11000000;1031000;922000;0
44.6;24000;442000000;6000;1100000;1100000;10980000;1058000;925000;0
44.7;21000;526000000;6000;1100000;1100000;10980000;1003000;961000;0
44.800000000000004;22000;642000000;6000;1100000;1100000;11000000;944000;907000;0
44.900000000000006;21000;674000000;6000;1100000;1100000;11000000;941000;986000;0
45.0;22000;621000000;6000;1100000;1100000;11000000;928000;980000;0
45.1;22000;540000000;6000;1100000;1100000;11000000;1042000;1031000;0
45.2;21000;566000000;6000;1100000;1100000;11000000;970000;955000;0
45.300000000000004;20000;562000000;6000;1100000;1100000;11000000;1043000;1036000;0
45.400000000000006;22000;554000000;6000;1100000;1100000;11000000;1017000;995000;0
45.5;21000;512000000;6000;1100000;1100000;10990000;1024000;965000;0
45.6;23000;458000000;6000;1100000;1100000;10990000;1034000;902000;0
45.7;22000;446000000;6000;1100000;1100000;10990000;1050000;914000;0
45.800000000000004;21000;403000000;6000;1100000;1100000;11010000;1057000;1002000;0
45.900000000000006;22000;441000000;6000;1100000;1100000;10990000;1037000;903000;0
46.0;22000;457000000;6000;1100000;1100000;11000000;1043000;916000;0
46.1;23000;444000000;6000;1100000;1100000;10980000;1037000;904000;0
46.2;22000;441000000;6000;1100000;1100000;11000000;1074000;973000;0
46.300000000000004;21000;507000000;6000;1100000;1100000;11000000;1013000;987000;0
46.400000000000006;22000;506000000;6000;1100000;1100000;11000000;1025000;952000;0
46.5;22000;475000000;6000;1100000;1100000;11000000;1039000;964000;0
46.6;22000;455000000;6000;1100000;1100000;10990000;1036000;927000;0
46.7;22000;457000000;6000;1100000;1100000;11000000;1023000;938000;0
46.800000000000004;22000;433000000;6000;1100000;1100000;11000000;1029000;914000;0
46.900000000000006;22000;385000000;7000;1100000;1100000;11000000;1060000;996000;0
47.0;22000;459000000;5000;1100000;1100000;11000000;1028000;924000;0
47.1;24000;466000000;7000;1100000;1100000;11000000;1040000;924000;0
47.2;21000;461000000;6000;1100000;1100000;11000000;1055000;915000;0
47.300000000000004;21000;421000000;6000;1100000;1100000;10970000;1060000;1011000;0
47.400000000000006;23000;466000000;6000;1100000;1100000;11000000;1036000;931000;0
47.5;22000;540000000;6000;1100000;1100000;11000000;1032000;910000;0
47.6;22000;467000000;6000;1100000;1100000;10980000;1043000;1028000;0
47.7;21000;480000000;6000;1100000;1100000;10980000;1033000;923000;0
47.800000000000004;22000;489000000;6000;1100000;1100000;10970000;1029000;925000;0
47.900000000000006;21000;455000000;6000;1100000;1100000;10990000;1063000;1013000;0
48.0;22000;478000000;6000;1100000;1100000;10960000;1018000;915000;0
48.1;24000;477000000;6000;1100000;1100000;10970000;1033000;924000;0
48.2;20000;443000000;6000;1100000;1100000;10980000;1068000;1023000;0
48.300000000000004;22000;449000000;6000;1100000;1100000;10990000;1040000;952000;0
48.400000000000006;23000;460000000;6000;1100000;1100000;11000000;1041000;933000;0
48.5;22000;513000000;6000;1100000;1100000;10970000;997000;866000;0
48.6;22000;591000000;7000;1100000;1100000;11000000;1007000;965000;0
48.7;22000;673000000;6000;1100000;1100000;11000000;947000;979000;0
48.800000000000004;22000;642000000;6000;1100000;1100000;11000000;963000;986000;0
48.900000000000006;21000;555000000;6000;1100000;1100000;11000000;996000;981000;0
49.0;20000;539000000;6000;1100000;1100000;11000000;1041000;1033000;0
49.1;23000;554000000;6000;1100000;1100000;11000000;1001000;990000;0
49.2;22000;581000000;6000;1100000;1100000;11000000;1017000;977000;0
49.300000000000004;21000;543000000;6000;1100000;1100000;10990000;1015000;966000;0
49.400000000000006;21000;422000000;6000;1100000;1100000;10990000;1081000;1000000;0
49.5;22000;452000000;6000;1100000;1100000;10990000;1033000;915000;0
49.6;23000;443000000;6000;1100000;1100000;10990000;1043000;904000;0
49.7;23000;447000000;6000;1100000;1100000;10990000;1040000;909000;0
49.800000000000004;21000;447000000;6000;1100000;1100000;11000000;1064000;913000;0
49.900000000000006;22000;409000000;7000;1100000;1100000;10990000;1051000;1012000;0
50.0;23000;461000000;6000;1100000;1100000;10980000;1046000;904000;0
50.1;23000;497000000;6000;1100000;1100000;11000000;1022000;944000;0
50.2;31000;391000000;6000;1045000;1100000;11000000;824000;626000;0
50.300000000000004;27000;381000000;5000;1100000;1100000;11000000;846000;530000;0
50.400000000000006;27000;382000000;7000;1100000;1100000;11000000;880000;479000;0
50.5;27000;444000000;5000;1100000;1100000;11000000;828000;493000;0
50.6;27000;473000000;5000;1100000;1100000;11000000;722000;513000;0
50.7;27000;400000000;7000;1100000;1100000;11000000;866000;430000;0
50.800000000000004;28000;383000000;6000;1100000;1100000;11000000;945000;463000;0
50.900000000000006;26000;394000000;6000;1100000;1100000;11000000;930000;437000;0
51.0;27000;420000000;6000;1100000;1100000;11000000;925000;422000;0
51.1;28000;373000000;6000;1100000;1100000;11000000;841000;464000;0
51.2;27000;374000000;6000;1100000;1100000;11000000;855000;469000;0
51.300000000000004;26000;395000000;5000;1100000;1100000;11000000;941000;426000;0
51.400000000000006;27000;398000000;5000;1100000;1100000;11000000;902000;433000;0
51.5;27000;370000000;5000;1100000;1100000;11000000;838000;592000;0
51.6;27000;384000000;6000;1100000;1100000;11000000;893000;484000;0
51.7;27000;433000000;5000;1100000;1100000;11000000;867000;462000;0
51.800000000000004;28000;478000000;6000;1100000;1100000;11000000;681000;567000;0
51.900000000000006;27000;399000000;6000;1100000;1100000;11000000;886000;429000;0
52.0;27000;381000000;6000;1100000;1100000;11000000;919000;473000;0
52.1;27000;391000000;6000;1100000;1100000;11000000;934000;444000;0
52.2;26000;427000000;5000;1100000;1100000;11000000;913000;418000;0
52.300000000000004;27000;369000000;6000;1100000;1100000;11000000;832000;477000;0
52.400000000000006;26000;378000000;5000;1100000;1100000;11000000;862000;388000;0
52.5;27000;390000000;7000;1100000;1100000;11000000;932000;443000;0
52.6;29000;393000000;7000;1100000;1100000;11000000;889000;501000;0
52.7;26000;375000000;5000;1100000;1100000;11000000;819000;569000;0
52.800000000000004;27000;378000000;6000;1100000;1100000;11000000;872000;512000;0
52.900000000000006;27000;427000000;6000;1100000;1100000;11000000;887000;415000;0
53.0;28000;483000000;5000;1100000;1100000;11000000;712000;539000;0
53.1;28000;409000000;5000;1100000;1100000;11000000;852000;482000;0
53.2;26000;387000000;4000;1100000;1100000;11000000;942000;409000;0
53.300000000000004;27000;383000000;6000;1100000;1100000;11000000;929000;441000;0
53.400000000000006;27000;427000000;5000;1100000;1100000;11000000;883000;463000;0
53.5;26000;383000000;5000;1100000;1100000;11000000;879000;423000;0
53.6;27000;372000000;5000;1100000;1100000;11000000;858000;431000;0
53.7;27000;392000000;5000;1100000;1100000;11000000;936000;441000;0
53.800000000000004;27000;394000000;6000;1100000;1100000;11000000;881000;476000;0
53.900000000000006;27000;372000000;6000;1100000;1100000;11000000;865000;529000;0
54.0;27000;379000000;6000;1100000;1100000;11000000;876000;481000;0
54.1;28000;412000000;6000;1100000;1100000;11000000;882000;470000;0
54.2;28000;487000000;6000;1100000;1100000;11000000;708000;523000;0
54.300000000000004;27000;420000000;6000;1100000;1100000;11000000;844000;451000;0
54.400000000000006;27000;377000000;6000;1100000;1100000;11000000;935000;454000;0
54.5;26000;382000000;6000;1100000;1100000;11000000;912000;480000;0
54.6;28000;427000000;6000;1100000;1100000;11000000;912000;405000;0
54.7;26000;384000000;6000;1100000;1100000;11000000;896000;444000;0
54.800000000000004;27000;367000000;6000;1100000;1100000;11000000;821000;481000;0
54.900000000000006;27000;390000000;6000;1100000;1100000;11000000;943000;453000;0
55.0;27000;399000000;7000;1100000;1100000;11000000;904000;427000;0
55.1;28000;371000000;6000;1100000;1100000;11000000;829000;592000;0
55.2;27000;381000000;7000;1100000;1100000;11000000;876000;491000;0
55.300000000000004;27000;418000000;6000;1100000;1100000;11000000;935000;437000;0
55.400000000000006;28000;470000000;6000;1100000;1100000;11000000;658000;573000;0
55.5;27000;433000000;5000;1100000;1100000;11000000;841000;455000;0
55.6;27000;377000000;6000;1100000;1100000;11000000;910000;486000;0
55.7;26000;385000000;5000;1100000;1100000;11000000;916000;426000;0
55.800000000000004;28000;427000000;6000;1100000;1100000;11000000;902000;420000;0
55.900000000000006;27000;386000000;6000;1100000;1100000;11000000;894000;442000;0
56.0;26000;370000000;6000;1100000;1100000;11000000;861000;415000;0
56.1;28000;387000000;5000;1100000;1100000;11000000;916000;447000;0
56.2;27000;393000000;6000;1100000;1100000;11000000;884000;481000;0
56.300000000000004;27000;378000000;6000;1100000;1100000;11000000;858000;515000;0
56.400000000000006;26000;374000000;5000;1100000;1100000;11000000;848000;560000;0
56.5;27000;411000000;6000;1100000;1100000;11000000;943000;399000;0
56.6;29000;479000000;5000;1100000;1100000;11000000;736000;527000;0
56.7;27000;432000000;6000;1100000;1100000;11000000;799000;497000;0
56.800000000000004;27000;388000000;7000;1100000;1100000;11000000;913000;397000;0
56.900000000000006;27000;382000000;6000;1100000;1100000;11000000;951000;448000;0
57.0;36000;427000000;6000;1092000;1094000;11000000;852000;655000;0
57.1;23000;447000000;6000;1100000;1100000;10990000;1058000;975000;0
57.2;22000;475000000;6000;1100000;1100000;10980000;1032000;896000;0
57.300000000000004;22000;483000000;6000;1100000;1100000;10970000;1022000;963000;0
57.400000000000006;22000;444000000;6000;1100000;1100000;10990000;1052000;993000;0
57.5;21000;441000000;6000;1100000;1100000;10980000;1040000;987000;0
57.6;22000;459000000;6000;1100000;1100000;10970000;1038000;913000;0
57.7;21000;439000000;6000;1100000;1100000;10980000;1026000;974000;0
57.800000000000004;22000;419000000;6000;1100000;1100000;11000000;1062000;977000;0
57.900000000000006;22000;572000000;6000;1100000;1100000;10950000;945000;826000;0
58.0;21000;590000000;6000;1100000;1100000;11000000;979000;967000;0
58.1;22000;649000000;6000;1100000;1100000;11000000;964000;1035000;0
58.2;22000;625000000;6000;1100000;1100000;11000000;946000;955000;0
58.300000000000004;21000;522000000;6000;1100000;1100000;11000000;1036000;1015000;0
58.400000000000006;20000;720000000;6000;1100000;1100000;11000000;660000;673000;0
58.5;19000;572000000;6000;1100000;1100000;11000000;912000;922000;0
58.6;21000;598000000;6000;1100000;1100000;11000000;965000;945000;0
58.7;22000;533000000;6000;1100000;1100000;11000000;1042000;1023000;0
58.800000000000004;21000;480000000;6000;1100000;1100000;10990000;1048000;953000;0
58.900000000000006;22000;445000000;6000;1100000;1100000;10980000;1024000;937000;0
59.0;21000;412000000;6000;1100000;1100000;10980000;1056000;973000;0
59.1;24000;446000000;6000;1100000;1100000;10990000;1055000;855000;0
59.2;22000;424000000;6000;1100000;1100000;10990000;1038000;984000;0
59.300000000000004;21000;403000000;6000;1100000;1100000;11000000;1063000;981000;0
59.400000000000006;22000;455000000;6000;1100000;1100000;10940000;1022000;846000;0
59.5;21000;442000000;6000;1100000;1100000;11060000;1053000;984000;0
59.6;22000;477000000;6000;1100000;1100000;11000000;1055000;1013000;0
59.7;22000;505000000;6000;1100000;1100000;11000000;1019000;915000;0
59.800000000000004;21000;457000000;6000;1100000;1100000;11000000;1045000;1013000;0
59.900000000000006;23000;472000000;6000;1100000;1100000;10990000;1007000;884000;0
60.0;22000;432000000;6000;1100000;1100000;11000000;1047000;1002000;0
60.1;21000;386000000;6000;1100000;1100000;11000000;1046000;993000;0
60.2;23000;455000000;6000;1100000;1100000;11000000;1000000;856000;0
60.300000000000004;21000;414000000;6000;1100000;1100000;11000000;1040000;983000;0
60.400000000000006;22000;411000000;6000;1100000;1100000;11000000;1054000;992000;0
60.5;22000;492000000;6000;1100000;1100000;10990000;1018000;862000;0
60.6;22000;424000000;6000;1100000;1100000;11000000;1065000;988000;0
60.7;21000;428000000;6000;1100000;1100000;10980000;1060000;984000;0
60.800000000000004;23000;523000000;6000;1100000;1100000;11000000;974000;846000;0
60.900000000000006;21000;520000000;7000;1100000;1100000;11000000;1057000;990000;0
61.0;21000;448000000;6000;1100000;1100000;10980000;1056000;1002000;0
61.1;22000;450000000;6000;1100000;1100000;10990000;1058000;983000;0
61.2;22000;494000000;6000;1100000;1100000;10980000;995000;876000;0
61.300000000000004;22000;463000000;6000;1100000;1100000;10980000;1057000;993000;0
61.400000000000006;21000;442000000;6000;1100000;1100000;10990000;1055000;984000;0
61.5;21000;440000000;6000;1100000;1100000;10960000;1049000;993000;0
61.6;22000;478000000;6000;1100000;1100000;10980000;1022000;885000;0
61.7;22000;423000000;6000;1100000;1100000;10980000;1056000;992000;0
61.800000000000004;22000;433000000;6000;1100000;1100000;10990000;1050000;932000;0
61.900000000000006;22000;595000000;6000;1100000;1100000;10930000;921000;850000;0
62.0;21000;542000000;6000;1100000;1100000;11000000;1011000;1002000;0
62.1;22000;639000000;6000;1100000;1100000;11000000;967000;1025000;0
62.2;22000;619000000;6000;1100000;1100000;11000000;958000;954000;0
62.300000000000004;21000;538000000;6000;1100000;1100000;11000000;1035000;1021000;0
62.400000000000006;20000;735000000;6000;1100000;1100000;11000000;620000;648000;0
62.5;18000;559000000;6000;1100000;1100000;11000000;943000;951000;0
62.6;22000;600000000;6000;1100000;1100000;11000000;985000;938000;0
62.7;21000;523000000;6000;1100000;1100000;11000000;1036000;1018000;0
62.800000000000004;22000;500000000;6000;1100000;1100000;10990000;1045000;943000;0
62.900000000000006;22000;439000000;6000;1100000;1100000;10980000;1025000;959000;0
63.0;21000;413000000;6000;1100000;1100000;10990000;1063000;980000;0
63.1;23000;443000000;6000;1100000;1100000;10980000;1054000;858000;0
63.2;22000;422000000;6000;1100000;1100000;10980000;1032000;984000;0
63.300000000000004;21000;409000000;7000;1100000;1100000;11000000;1062000;978000;0
63.400000000000006;23000;459000000;6000;1100000;1100000;10990000;1016000;856000;0
63.5;21000;429000000;6000;1100000;1100000;11000000;1059000;984000;0
63.6;21000;486000000;6000;1100000;1100000;11000000;1042000;994000;0
63.7;23000;504000000;6000;1100000;1100000;11000000;1009000;916000;0
63.800000000000004;21000;451000000;6000;1100000;1100000;11000000;1048000;1022000;0
63.900000000000006;23000;475000000;6000;1100000;1100000;11000000;1013000;875000;0
64.0;20000;435000000;6000;1100000;1100000;11000000;1043000;1003000;0
64.10000000000001;22000;388000000;6000;1100000;1100000;11000000;1042000;983000;0
64.2;23000;454000000;6000;1100000;1100000;11000000;1001000;856000;0
64.3;22000;404000000;6000;1100000;1100000;11000000;1050000;973000;0
64.4;20000;425000000;6000;1100000;1100000;10990000;1051000;988000;0
64.5;23000;490000000;6000;1100000;1100000;10990000;1014000;861000;0
64.60000000000001;23000;424000000;6000;1100000;1100000;10990000;1063000;986000;0
64.7;22000;432000000;6000;1100000;1100000;11000000;1059000;981000;0
64.8;22000;526000000;6000;1100000;1100000;11000000;974000;856000;0
64.9;21000;527000000;6000;1100000;1100000;11000000;1052000;985000;0
65.0;22000;444000000;6000;1100000;1100000;10990000;1058000;1002000;0
65.10000000000001;22000;455000000;6000;1100000;1100000;10980000;1053000;983000;0
65.2;23000;492000000;7000;1100000;1100000;10930000;986000;886000;0
65.3;21000;464000000;6000;1100000;1100000;11040000;1056000;978000;0
65.4;22000;446000000;6000;1100000;1100000;10980000;1050000;993000;0
65.5;21000;446000000;6000;1100000;1100000;10980000;1053000;993000;0
65.60000000000001;23000;476000000;6000;1100000;1100000;10980000;1013000;876000;0
65.7;21000;423000000;6000;1100000;1100000;11000000;1059000;988000;0
65.8;21000;417000000;6000;1100000;1100000;10990000;1061000;972000;0
65.9;22000;569000000;6000;1100000;1100000;10930000;953000;831000;0
66.0;21000;558000000;6000;1100000;1100000;11000000;1020000;1008000;0
66.10000000000001;22000;642000000;6000;1100000;1100000;11000000;939000;1021000;0
66.2;23000;606000000;6000;1100000;1100000;11000000;959000;945000;0
66.3;21000;560000000;6000;1100000;1100000;11000000;1016000;1028000;0
66.4;20000;760000000;6000;1100000;1100000;11000000;585000;609000;0
66.5;20000;540000000;6000;1100000;1100000;11000000;982000;989000;0
66.60000000000001;22000;595000000;6000;1100000;1100000;11000000;973000;944000;0
66.7;21000;522000000;6000;1100000;1100000;11000000;1036000;1027000;0
66.8;22000;502000000;6000;1100000;1100000;11000000;1033000;952000;0
66.9;22000;450000000;6000;1100000;1100000;10980000;1019000;937000;0
67.0;21000;410000000;6000;1100000;1100000;11000000;1049000;975000;0
67.10000000000001;23000;445000000;6000;1100000;1100000;10990000;1052000;865000;0
67.2;21000;424000000;6000;1100000;1100000;10990000;1035000;974000;0
67.3;22000;416000000;6000;1100000;1100000;11000000;1062000;972000;0
67.4;22000;456000000;6000;1100000;1100000;10940000;1015000;857000;0
67.5;22000;429000000;6000;1100000;1100000;11060000;1062000;983000;0
67.60000000000001;21000;485000000;6000;1100000;1100000;11000000;1047000;1004000;0
67.7;22000;511000000;6000;1100000;1100000;11000000;1016000;907000;0
67.8;21000;463000000;6000;1100000;1100000;11000000;1053000;1012000;0
67.9;22000;471000000;6000;1100000;1100000;11000000;1009000;885000;0
68.0;22000;432000000;6000;1100000;1100000;11000000;1047000;1002000;0
68.10000000000001;22000;396000000;6000;1100000;1100000;11000000;1037000;981000;0
68.2;23000;450000000;6000;1100000;1100000;11000000;1002000;867000;0
68.3;20000;393000000;6000;1100000;1100000;11000000;1047000;982000;0
68.4;22000;427000000;6000;1100000;1100000;11000000;1051000;984000;0
68.5;22000;492000000;6000;1100000;1100000;10990000;1015000;877000;0
68.60000000000001;22000;426000000;6000;1100000;1100000;11000000;1063000;986000;0
68.7;21000;431000000;6000;1100000;1100000;11000000;1058000;962000;0
68.8;23000;534000000;6000;1100000;1100000;11000000;963000;833000;0
68.9;21000;528000000;6000;1100000;1100000;11000000;1072000;1017000;0
69.0;21000;439000000;6000;1100000;1100000;11000000;1070000;993000;0
69.10000000000001;23000;461000000;7000;1100000;1100000;10980000;1048000;979000;0
69.2;22000;490000000;6000;1100000;1100000;10930000;1019000;876000;0
69.3;22000;461000000;5000;1100000;1100000;11040000;1051000;980000;0
69.4;21000;450000000;6000;1100000;1100000;10990000;1051000;984000;0
69.5;22000;441000000;6000;1100000;1100000;10980000;1042000;993000;0
69.60000000000001;22000;481000000;6000;1100000;1100000;10960000;1004000;899000;0
69.7;22000;431000000;6000;1100000;1100000;11000000;1070000;992000;0
69.8;21000;414000000;6000;1100000;1100000;11000000;1061000;983000;0
69.9;23000;536000000;6000;1100000;1100000;10980000;972000;827000;0
70.0;21000;588000000;7000;1100000;1100000;11000000;979000;946000;0
70.10000000000001;22000;644000000;5000;1100000;1100000;11000000;937000;1025000;0
70.2;22000;604000000;7000;1100000;1100000;11000000;964000;948000;0
70.3;20000;590000000;6000;1100000;1100000;11000000;995000;1015000;0
70.4;21000;650000000;5000;1100000;1100000;11000000;826000;824000;0
70.5;21000;512000000;6000;1100000;1100000;11000000;1029000;1030000;0
70.60000000000001;20000;555000000;6000;1100000;1100000;11000000;1031000;1026000;0
70.7;22000;556000000;7000;1100000;1100000;10940000;970000;954000;0
70.8;21000;482000000;5000;1100000;1100000;11050000;1061000;1003000;0
70.9;22000;413000000;7000;1100000;1100000;10990000;1062000;966000;0
71.0;22000;469000000;6000;1100000;1100000;10990000;1018000;866000;0
71.10000000000001;22000;404000000;5000;1100000;1100000;10990000;1055000;983000;0
71.2;22000;410000000;7000;1100000;1100000;11000000;1055000;984000;0
71.3;22000;473000000;6000;1100000;1100000;11000000;1030000;866000;0
71.4;22000;404000000;6000;1100000;1100000;10990000;1059000;971000;0
71.5;21000;438000000;6000;1100000;1100000;11000000;1064000;983000;0
71.60000000000001;22000;507000000;6000;1100000;1100000;11000000;1001000;914000;0
71.7;22000;487000000;6000;1100000;1100000;11000000;1061000;995000;0
71.8;22000;493000000;6000;1100000;1100000;11000000;1009000;914000;0
71.9;21000;421000000;6000;1100000;1100000;11000000;1062000;987000;0
72.0;21000;457000000;6000;1100000;1100000;11000000;1034000;964000;0
72.10000000000001;23000;434000000;6000;1100000;1100000;11000000;1008000;894000;0
72.2;22000;388000000;6000;1100000;1100000;11000000;1051000;977000;0
72.3;21000;414000000;6000;1100000;1100000;11000000;1051000;943000;0
72.4;22000;478000000;6000;1100000;1100000;10980000;1005000;906000;0
72.5;22000;431000000;6000;1100000;1100000;11000000;1065000;971000;0
72.60000000000001;22000;438000000;7000;1100000;1100000;10990000;1060000;952000;0
72.7;23000;466000000;6000;1100000;1100000;11000000;1029000;907000;0
72.8;21000;545000000;6000;1100000;1100000;11000000;997000;933000;0
72.9;22000;479000000;6000;1100000;1100000;11000000;1058000;1022000;0
73.0;21000;444000000;6000;1100000;1100000;11000000;1041000;993000;0
73.10000000000001;24000;506000000;7000;1100000;1100000;10970000;1019000;871000;0
73.2;21000;448000000;6000;1100000;1100000;10990000;1051000;993000;0
73.3;21000;458000000;6000;1100000;1100000;10990000;1055000;983000;0
73.4;22000;461000000;6000;1100000;1100000;10990000;1041000;950000;0
73.5;23000;475000000;6000;1100000;1100000;10960000;1003000;922000;0
73.60000000000001;21000;432000000;6000;1100000;1100000;11000000;1051000;1002000;0
73.7;21000;420000000;6000;1100000;1100000;11000000;1061000;992000;0
73.8;22000;466000000;6000;1100000;1100000;10990000;1017000;859000;0
73.9;21000;488000000;6000;1100000;1100000;10960000;1030000;952000;0
74.0;21000;612000000;6000;1100000;1100000;11000000;989000;942000;0
74.10000000000001;23000;674000000;6000;1100000;1100000;11000000;799000;930000;0
74.2;21000;610000000;6000;1100000;1100000;11000000;990000;1023000;0
74.3;21000;545000000;6000;1100000;1100000;11000000;1015000;979000;0
74.4;21000;530000000;7000;1100000;1100000;11000000;1003000;998000;0
74.5;21000;536000000;6000;1100000;1100000;11000000;1011000;1026000;0
74.60000000000001;21000;546000000;6000;1100000;1100000;11000000;1030000;1011000;0
74.7;21000;519000000;6000;1100000;1100000;11000000;1036000;1024000;0
74.8;22000;487000000;6000;1100000;1100000;10980000;1021000;879000;0
74.9;21000;415000000;6000;1100000;1100000;11000000;1062000;983000;0
75.0;21000;403000000;6000;1100000;1100000;10990000;1063000;973000;0
75.10000000000001;24000;460000000;6000;1100000;1100000;10970000;1018000;858000;0
75.2;21000;420000000;6000;1100000;1100000;11000000;1058000;976000;0
75.3;21000;405000000;6000;1100000;1100000;11000000;1052000;962000;0
75.4;22000;467000000;6000;1100000;1100000;11000000;1032000;875000;0
75.5;22000;453000000;6000;1100000;1100000;11000000;1039000;990000;0
75.60000000000001;22000;497000000;6000;1100000;1100000;11000000;1027000;917000;0
75.7;22000;486000000;6000;1100000;1100000;11000000;1037000;1012000;0
75.8;22000;472000000;6000;1100000;1100000;11000000;1057000;904000;0
75.9;22000;460000000;6000;1100000;1100000;11000000;1010000;983000;0
76.0;22000;401000000;6000;1100000;1100000;11000000;1056000;993000;0
76.10000000000001;22000;414000000;6000;1100000;1100000;10990000;1031000;909000;0
76.2;21000;433000000;7000;1100000;1100000;11000000;997000;938000;0
76.3;22000;415000000;6000;1100000;1100000;11000000;1052000;983000;0
76.4;22000;437000000;6000;1100000;1100000;11000000;1041000;904000;0
76.5;22000;481000000;6000;1100000;1100000;11000000;1040000;956000;0
76.60000000000001;22000;420000000;6000;1100000;1100000;11000000;1056000;984000;0
76.7;22000;454000000;6000;1100000;1100000;11000000;1049000;903000;0
76.80000000000001;22000;543000000;6000;1100000;1100000;11000000;1027000;961000;0
76.9;22000;463000000;6000;1100000;1100000;11000000;1036000;995000;0
77.0;21000;461000000;6000;1100000;1100000;10980000;1057000;991000;0
77.10000000000001;23000;457000000;6000;1100000;1100000;10970000;1047000;961000;0
77.2;22000;485000000;6000;1100000;1100000;10970000;1001000;917000;0
77.30000000000001;22000;455000000;6000;1100000;1100000;10990000;1053000;993000;0
77.4;21000;442000000;6000;1100000;1100000;10970000;1052000;993000;0
77.5;22000;446000000;7000;1100000;1100000;10980000;1057000;941000;0
77.60000000000001;23000;462000000;6000;1100000;1100000;11000000;1029000;935000;0
77.7;21000;417000000;6000;1100000;1100000;11000000;1058000;984000;0
77.80000000000001;23000;466000000;6000;1100000;1100000;10990000;1016000;857000;0
77.9;22000;607000000;6000;1100000;1100000;10970000;955000;910000;0
78.0;21000;623000000;6000;1100000;1100000;11000000;939000;1005000;0
78.10000000000001;23000;611000000;6000;1100000;1100000;11000000;947000;961000;0
78.2;20000;584000000;6000;1100000;1100000;11000000;994000;1013000;0
78.30000000000001;21000;533000000;6000;1100000;1100000;11000000;1030000;1028000;0
78.4;21000;636000000;6000;1100000;1100000;11000000;804000;806000;0
78.5;20000;540000000;6000;1100000;1100000;11000000;1041000;1016000;0
78.60000000000001;21000;549000000;6000;1100000;1100000;11000000;1019000;1027000;0
78.7;22000;533000000;6000;1100000;1100000;10990000;995000;935000;0
78.80000000000001;21000;420000000;6000;1100000;1100000;10990000;1060000;982000;0
78.9;22000;452000000;6000;1100000;1100000;11000000;1051000;874000;0
79.0;21000;422000000;6000;1100000;1100000;10980000;1036000;957000;0
79.10000000000001;23000;402000000;6000;1100000;1100000;11000000;1059000;973000;0
79.2;23000;473000000;6000;1100000;1100000;11000000;1039000;863000;0
79.30000000000001;22000;406000000;6000;1100000;1100000;11000000;1044000;973000;0
79.4;21000;421000000;6000;1100000;1100000;11000000;1065000;973000;0
79.5;22000;513000000;6000;1100000;1100000;11000000;1000000;904000;0
79.60000000000001;30000;389000000;6000;1040000;1100000;11000000;852000;711000;0
79.7;27000;358000000;5000;1100000;1100000;11000000;797000;592000;0
79.80000000000001;26000;370000000;5000;1100000;1100000;11000000;848000;509000;0
79.9;26000;403000000;5000;1100000;1100000;11000000;855000;445000;0
80.0;27000;469000000;5000;1100000;1100000;11000000;666000;516000;0
80.10000000000001;28000;411000000;4000;1100000;1100000;11000000;804000;487000;0
80.2;26000;375000000;5000;1100000;1100000;11000000;881000;459000;0
80.30000000000001;26000;376000000;4000;1100000;1100000;11000000;910000;448000;0
80.4;27000;416000000;6000;1100000;1100000;11000000;855000;456000;0
80.5;25000;375000000;6000;1100000;1100000;11000000;848000;468000;0
80.60000000000001;27000;364000000;5000;1100000;1100000;11000000;857000;404000;0
80.7;26000;377000000;7000;1100000;1100000;11000000;870000;481000;0
80.80000000000001;25000;388000000;5000;1100000;1100000;11000000;866000;463000;0
80.9;27000;368000000;6000;1100000;1100000;11000000;810000;547000;0
81.0;26000;362000000;5000;1100000;1100000;11000000;816000;553000;0
81.10000000000001;28000;389000000;5000;1100000;1100000;11000000;930000;433000;0
81.2;26000;467000000;5000;1100000;1100000;11000000;701000;526000;0
81.30000000000001;27000;429000000;5000;1100000;1100000;11000000;725000;542000;0
81.4;26000;375000000;4000;1100000;1100000;11000000;880000;436000;0
81.5;26000;372000000;5000;1100000;1100000;11000000;915000;452000;0
81.60000000000001;26000;392000000;4000;1100000;1100000;11000000;885000;435000;0
81.7;26000;397000000;5000;1100000;1100000;11000000;885000;491000;0
81.80000000000001;26000;364000000;6000;1100000;1100000;11000000;834000;428000;0
81.9;26000;364000000;5000;1100000;1100000;11000000;828000;505000;0
82.0;26000;386000000;6000;1100000;1100000;11000000;906000;458000;0
82.10000000000001;28000;374000000;5000;1100000;1100000;11000000;857000;489000;0
82.2;26000;368000000;4000;1100000;1100000;11000000;796000;545000;0
82.30000000000001;26000;372000000;6000;1100000;1100000;11000000;861000;486000;0
82.4;26000;440000000;4000;1100000;1100000;11000000;798000;488000;0
82.5;27000;453000000;5000;1100000;1100000;11000000;633000;560000;0
82.60000000000001;26000;390000000;5000;1100000;1100000;11000000;863000;435000;0
82.7;26000;370000000;5000;1100000;1100000;11000000;902000;480000;0
82.80000000000001;26000;379000000;4000;1100000;1100000;11000000;892000;463000;0
82.9;26000;418000000;5000;1100000;1100000;11000000;868000;432000;0
83.0;27000;372000000;6000;1100000;1100000;11000000;867000;427000;0
83.10000000000001;26000;354000000;5000;1100000;1100000;11000000;784000;519000;0
83.2;27000;385000000;4000;1100000;1100000;11000000;908000;426000;0
83.30000000000001;25000;378000000;6000;1100000;1100000;11000000;869000;492000;0
83.4;27000;364000000;6000;1100000;1100000;11000000;818000;540000;0
83.5;26000;359000000;5000;1100000;1100000;11000000;814000;544000;0
83.60000000000001;27000;410000000;6000;1100000;1100000;11000000;879000;453000;0
83.7;27000;467000000;7000;1100000;1100000;11000000;654000;539000;0
83.80000000000001;26000;420000000;6000;1100000;1100000;11000000;816000;428000;0
83.9;27000;363000000;6000;1100000;1100000;11000000;881000;491000;0
84.0;27000;376000000;5000;1100000;1100000;11000000;870000;460000;0
84.10000000000001;27000;415000000;5000;1100000;1100000;11000000;900000;428000;0
84.2;27000;384000000;6000;1100000;1100000;11000000;868000;449000;0
84.30000000000001;25000;352000000;6000;1100000;1100000;11000000;793000;487000;0
84.4;26000;384000000;5000;1100000;1100000;11000000;879000;425000;0
84.5;27000;373000000;7000;1100000;1100000;11000000;859000;530000;0
84.60000000000001;27000;367000000;6000;1100000;1100000;11000000;838000;536000;0
84.7;27000;363000000;7000;1100000;1100000;11000000;814000;555000;0
84.80000000000001;26000;390000000;6000;1100000;1100000;11000000;899000;446000;0
84.9;26000;471000000;6000;1100000;1100000;11000000;726000;505000;0
85.0;27000;436000000;6000;1100000;1100000;11000000;753000;473000;0
85.10000000000001;28000;368000000;6000;1100000;1100000;11000000;862000;498000;0
85.2;27000;376000000;5000;1100000;1100000;11000000;899000;428000;0
85.30000000000001;26000;393000000;5000;1100000;1100000;11000000;850000;501000;0
85.4;27000;407000000;7000;1100000;1100000;11000000;929000;401000;0
85.5;26000;359000000;5000;1100000;1100000;11000000;786000;471000;0
85.60000000000001;25000;370000000;6000;1100000;1100000;11000000;856000;440000;0
85.7;27000;389000000;5000;1100000;1100000;11000000;919000;468000;0
85.80000000000001;26000;374000000;5000;1100000;1100000;11000000;824000;525000;0
85.9;26000;359000000;6000;1100000;1100000;11000000;787000;586000;0
86.0;26000;372000000;5000;1100000;1100000;11000000;872000;460000;0
86.10000000000001;28000;437000000;6000;1100000;1100000;11000000;821000;491000;0
86.2;27000;455000000;6000;1100000;1100000;11000000;661000;581000;0
86.30000000000001;27000;390000000;6000;1100000;1100000;11000000;865000;448000;0
86.4;26000;377000000;7000;1100000;1100000;11000000;918000;406000;0
86.5;26000;372000000;5000;1100000;1100000;11000000;891000;494000;0
